{"cameraMode":{"drawMode":0,"name":"Shaded","section":"Shading Mode"},"sceneLighting":false,"audioPlay":false,"sceneViewState":{"showFog":true,"showMaterialUpdate":false,"showSkybox":false,"showFlares":true,"showImageEffects":true,"showParticleSystems":true},"in2DMode":false,"pivot":{"x":-3.943840265274048,"y":-9.92115592956543,"z":23.333879470825197},"rotation":{"x":0.09316454082727432,"y":-0.29609769582748415,"z":0.02933337725698948,"w":0.9503000974655151},"size":35.3588752746582,"orthographic":false}